VARIANT_ID	CHROM	LOCUS	POS	FILTERS	MARKERS	REF	ALT	M_SEQ
20	1	20	872	filter.monomorphic	1__20__872	T	A	20
35	1	35	5466	filter.monomorphic	1__35__5466	A	G	35
36	1	36	5468	filter.monomorphic	1__36__5468	G	A	36
82	1	82	3749	filter.monomorphic	1__82__3749	T	A	82
143	1	143	30463	filter.monomorphic	1__143__30463	T	C	143
185	1	185	12432	filter.monomorphic	1__185__12432	G	C	185
198	1	198	1506	filter.monomorphic	1__198__1506	G	A	198
290	1	290	15397	filter.monomorphic	1__290__15397	C	A	290
291	1	291	15433	filter.monomorphic	1__291__15433	T	A	291
292	1	292	15434	filter.monomorphic	1__292__15434	A	T	292
324	1	324	11693	filter.monomorphic	1__324__11693	A	C	324
350	1	350	16963	filter.monomorphic	1__350__16963	A	T	350
630	1	630	2222	filter.monomorphic	1__630__2222	G	A	630
666	1	666	9062	filter.monomorphic	1__666__9062	T	A	666
799	1	799	1768	filter.monomorphic	1__799__1768	A	G	799
976	1	976	10990	filter.monomorphic	1__976__10990	A	T	976
1135	1	1135	9801	filter.monomorphic	1__1135__9801	A	T	1135
1225	1	1225	448	filter.monomorphic	1__1225__448	G	T	1225
1247	1	1247	13595	filter.monomorphic	1__1247__13595	A	C	1247
1371	1	1371	3248	filter.monomorphic	1__1371__3248	T	A	1371
1372	1	1372	3249	filter.monomorphic	1__1372__3249	A	T	1372
1384	1	1384	25884	filter.monomorphic	1__1384__25884	G	T	1384
1385	1	1385	25890	filter.monomorphic	1__1385__25890	A	G	1385
1423	1	1423	13614	filter.monomorphic	1__1423__13614	T	C	1423
1424	1	1424	14063	filter.monomorphic	1__1424__14063	A	T	1424
1535	1	1535	4655	filter.monomorphic	1__1535__4655	A	T	1535
1536	1	1536	4656	filter.monomorphic	1__1536__4656	C	G	1536
1585	1	1585	50181	filter.monomorphic	1__1585__50181	C	T	1585
1595	1	1595	23555	filter.monomorphic	1__1595__23555	T	A	1595
1608	1	1608	6680	filter.monomorphic	1__1608__6680	C	T	1608
1610	1	1610	6685	filter.monomorphic	1__1610__6685	T	G	1610
1611	1	1611	6696	filter.monomorphic	1__1611__6696	C	A	1611
1677	1	1677	1823	filter.monomorphic	1__1677__1823	C	G	1677
1711	1	1711	2452	filter.monomorphic	1__1711__2452	T	A	1711
1819	1	1819	3929	filter.monomorphic	1__1819__3929	C	T	1819
1872	1	1872	27148	filter.monomorphic	1__1872__27148	C	A	1872
1914	1	1914	13055	filter.monomorphic	1__1914__13055	G	A	1914
1962	1	1962	211	filter.monomorphic	1__1962__211	T	A	1962
1979	1	1979	83	filter.monomorphic	1__1979__83	T	A	1979
2000	1	2000	5227	filter.monomorphic	1__2000__5227	T	C	2000
2309	1	2309	3585	filter.monomorphic	1__2309__3585	A	G	2309
2310	1	2310	3588	filter.monomorphic	1__2310__3588	G	A	2310
2536	1	2536	2177	filter.monomorphic	1__2536__2177	T	A	2536
2542	1	2542	2951	filter.monomorphic	1__2542__2951	A	T	2542
2680	1	2680	10486	filter.monomorphic	1__2680__10486	T	C	2680
2723	1	2723	37898	filter.monomorphic	1__2723__37898	T	C	2723
2725	1	2725	3301	filter.monomorphic	1__2725__3301	C	T	2725
2838	1	2838	135	filter.monomorphic	1__2838__135	A	T	2838
2939	1	2939	22177	filter.monomorphic	1__2939__22177	A	G	2939
2965	1	2965	11551	filter.monomorphic	1__2965__11551	C	G	2965
3149	1	3149	12028	filter.monomorphic	1__3149__12028	T	C	3149
3152	1	3152	12055	filter.monomorphic	1__3152__12055	A	G	3152
3346	1	3346	51059	filter.monomorphic	1__3346__51059	G	A	3346
3505	1	3505	15060	filter.monomorphic	1__3505__15060	C	T	3505
3661	1	3661	7659	filter.monomorphic	1__3661__7659	A	G	3661
3782	1	3782	361	filter.monomorphic	1__3782__361	C	A	3782
3784	1	3784	538	filter.monomorphic	1__3784__538	A	*,G	3784
3903	1	3903	41613	filter.monomorphic	1__3903__41613	C	T	3903
3904	1	3904	41620	filter.monomorphic	1__3904__41620	C	T	3904
3905	1	3905	41625	filter.monomorphic	1__3905__41625	G	A	3905
3944	1	3944	3340	filter.monomorphic	1__3944__3340	C	G	3944
3956	1	3956	7932	filter.monomorphic	1__3956__7932	C	A	3956
3957	1	3957	7934	filter.monomorphic	1__3957__7934	G	A	3957
3965	1	3965	368	filter.monomorphic	1__3965__368	A	T	3965
3979	1	3979	1341	filter.monomorphic	1__3979__1341	C	G	3979
4015	1	4015	62	filter.monomorphic	1__4015__62	G	A	4015
4020	1	4020	382	filter.monomorphic	1__4020__382	G	T	4020
4228	1	4228	14919	filter.monomorphic	1__4228__14919	A	G	4228
4395	1	4395	33882	filter.monomorphic	1__4395__33882	A	T	4395
4476	1	4476	11210	filter.monomorphic	1__4476__11210	A	G	4476
4512	1	4512	28524	filter.monomorphic	1__4512__28524	G	A	4512
4513	1	4513	28530	filter.monomorphic	1__4513__28530	G	A	4513
4514	1	4514	28536	filter.monomorphic	1__4514__28536	T	C	4514
4515	1	4515	28544	filter.monomorphic	1__4515__28544	T	C	4515
4516	1	4516	28565	filter.monomorphic	1__4516__28565	G	A	4516
4517	1	4517	28575	filter.monomorphic	1__4517__28575	G	C	4517
4518	1	4518	28597	filter.monomorphic	1__4518__28597	A	C	4518
4519	1	4519	28612	filter.monomorphic	1__4519__28612	T	A	4519
4528	1	4528	30708	filter.monomorphic	1__4528__30708	A	G	4528
4532	1	4532	30982	filter.monomorphic	1__4532__30982	C	G	4532
4558	1	4558	4288	filter.monomorphic	1__4558__4288	C	A	4558
4559	1	4559	4290	filter.monomorphic	1__4559__4290	T	G	4559
4696	1	4696	929	filter.monomorphic	1__4696__929	A	C	4696
4824	1	4824	2793	filter.monomorphic	1__4824__2793	A	G	4824
4853	1	4853	507	filter.monomorphic	1__4853__507	A	C	4853
4854	1	4854	508	filter.monomorphic	1__4854__508	T	A	4854
5307	1	5307	10196	filter.monomorphic	1__5307__10196	C	A	5307
5378	1	5378	1552	filter.monomorphic	1__5378__1552	A	G	5378
5526	1	5526	27251	filter.monomorphic	1__5526__27251	G	C	5526
5563	1	5563	11727	filter.monomorphic	1__5563__11727	T	G	5563
5564	1	5564	11745	filter.monomorphic	1__5564__11745	T	G	5564
5641	1	5641	2590	filter.monomorphic	1__5641__2590	T	C	5641
5683	1	5683	3301	filter.monomorphic	1__5683__3301	G	A	5683
5782	1	5782	14540	filter.monomorphic	1__5782__14540	A	T	5782
5783	1	5783	14542	filter.monomorphic	1__5783__14542	T	C	5783
5791	1	5791	8804	filter.monomorphic	1__5791__8804	G	T	5791
5919	1	5919	63	filter.monomorphic	1__5919__63	A	C	5919
5976	1	5976	3974	filter.monomorphic	1__5976__3974	T	G	5976
6008	1	6008	30400	filter.monomorphic	1__6008__30400	A	G	6008
6087	1	6087	381	filter.monomorphic	1__6087__381	T	G	6087
6129	1	6129	8471	filter.monomorphic	1__6129__8471	C	G	6129
6130	1	6130	8472	filter.monomorphic	1__6130__8472	C	T	6130
6178	1	6178	1497	filter.monomorphic	1__6178__1497	T	A	6178
6179	1	6179	1498	filter.monomorphic	1__6179__1498	C	T	6179
6207	1	6207	972	filter.monomorphic	1__6207__972	C	A	6207
6292	1	6292	65080	filter.monomorphic	1__6292__65080	T	C	6292
6336	1	6336	18398	filter.monomorphic	1__6336__18398	G	A	6336
6423	1	6423	1917	filter.monomorphic	1__6423__1917	T	C	6423
6717	1	6717	6959	filter.monomorphic	1__6717__6959	A	C	6717
6743	1	6743	40541	filter.monomorphic	1__6743__40541	A	T	6743
6945	1	6945	3995	filter.monomorphic	1__6945__3995	T	C	6945
7403	1	7403	10920	filter.monomorphic	1__7403__10920	A	G	7403
7507	1	7507	1834	filter.monomorphic	1__7507__1834	C	T	7507
7657	1	7657	20961	filter.monomorphic	1__7657__20961	C	T	7657
7763	1	7763	4588	filter.monomorphic	1__7763__4588	T	A	7763
7806	1	7806	31348	filter.monomorphic	1__7806__31348	A	T	7806
7995	1	7995	1687	filter.monomorphic	1__7995__1687	T	A	7995
7996	1	7996	1694	filter.monomorphic	1__7996__1694	C	T	7996
7997	1	7997	1697	filter.monomorphic	1__7997__1697	G	A	7997
8046	1	8046	15238	filter.monomorphic	1__8046__15238	T	C	8046
8167	1	8167	28236	filter.monomorphic	1__8167__28236	C	T	8167
8202	1	8202	30277	filter.monomorphic	1__8202__30277	T	A	8202
8203	1	8203	30278	filter.monomorphic	1__8203__30278	A	C	8203
8238	1	8238	14705	filter.monomorphic	1__8238__14705	G	T	8238
8389	1	8389	11075	filter.monomorphic	1__8389__11075	A	T	8389
8407	1	8407	3120	filter.monomorphic	1__8407__3120	A	T	8407
8470	1	8470	14189	filter.monomorphic	1__8470__14189	A	T	8470
8579	1	8579	1927	filter.monomorphic	1__8579__1927	A	G	8579
8851	1	8851	3235	filter.monomorphic	1__8851__3235	A	G	8851
8852	1	8852	3236	filter.monomorphic	1__8852__3236	A	T	8852
8902	1	8902	50919	filter.monomorphic	1__8902__50919	A	G	8902
9372	1	9372	3962	filter.monomorphic	1__9372__3962	A	G	9372
9565	1	9565	2766	filter.monomorphic	1__9565__2766	G	A	9565
9591	1	9591	47238	filter.monomorphic	1__9591__47238	G	A	9591
9592	1	9592	47243	filter.monomorphic	1__9592__47243	G	T	9592
9593	1	9593	47257	filter.monomorphic	1__9593__47257	T	C	9593
9594	1	9594	47312	filter.monomorphic	1__9594__47312	T	A	9594
9615	1	9615	15980	filter.monomorphic	1__9615__15980	C	T	9615
9629	1	9629	6978	filter.monomorphic	1__9629__6978	A	C	9629
9749	1	9749	28307	filter.monomorphic	1__9749__28307	G	A	9749
9799	1	9799	1413	filter.monomorphic	1__9799__1413	T	C	9799
9800	1	9800	1447	filter.monomorphic	1__9800__1447	C	T	9800
10047	1	10047	372	filter.monomorphic	1__10047__372	A	T	10047
10058	1	10058	3830	filter.monomorphic	1__10058__3830	T	G	10058
10060	1	10060	10944	filter.monomorphic	1__10060__10944	T	A	10060
10188	1	10188	30394	filter.monomorphic	1__10188__30394	G	T	10188
10250	1	10250	4690	filter.monomorphic	1__10250__4690	T	C	10250
10263	1	10263	13917	filter.monomorphic	1__10263__13917	G	T	10263
10275	1	10275	17137	filter.monomorphic	1__10275__17137	G	C	10275
10301	1	10301	7686	filter.monomorphic	1__10301__7686	A	C	10301
10377	1	10377	6379	filter.monomorphic	1__10377__6379	T	C	10377
10408	1	10408	7496	filter.monomorphic	1__10408__7496	T	C	10408
10550	1	10550	27760	filter.monomorphic	1__10550__27760	G	A	10550
10694	1	10694	20249	filter.monomorphic	1__10694__20249	T	A	10694
10695	1	10695	20274	filter.monomorphic	1__10695__20274	A	T	10695
10696	1	10696	20284	filter.monomorphic	1__10696__20284	T	A	10696
10879	1	10879	8986	filter.monomorphic	1__10879__8986	G	A	10879
11071	1	11071	4582	filter.monomorphic	1__11071__4582	T	G	11071
11099	1	11099	6872	filter.monomorphic	1__11099__6872	G	A	11099
11100	1	11100	6873	filter.monomorphic	1__11100__6873	A	G	11100
11286	1	11286	7939	filter.monomorphic	1__11286__7939	T	A	11286
11578	1	11578	7546	filter.monomorphic	1__11578__7546	A	G	11578
11664	1	11664	4427	filter.monomorphic	1__11664__4427	T	C	11664
11699	1	11699	2438	filter.monomorphic	1__11699__2438	A	T	11699
11771	1	11771	14250	filter.monomorphic	1__11771__14250	T	C	11771
11839	1	11839	4350	filter.monomorphic	1__11839__4350	A	T	11839
11916	1	11916	19541	filter.monomorphic	1__11916__19541	C	A	11916
11918	1	11918	19577	filter.monomorphic	1__11918__19577	G	A	11918
11972	1	11972	40216	filter.monomorphic	1__11972__40216	T	G	11972
12006	1	12006	41146	filter.monomorphic	1__12006__41146	A	G	12006
12032	1	12032	23969	filter.monomorphic	1__12032__23969	T	G	12032
12148	1	12148	30309	filter.monomorphic	1__12148__30309	A	T	12148
12374	1	12374	32243	filter.monomorphic	1__12374__32243	A	G	12374
12416	1	12416	3326	filter.monomorphic	1__12416__3326	G	A	12416
12487	1	12487	45459	filter.monomorphic	1__12487__45459	T	C	12487
12488	1	12488	45465	filter.monomorphic	1__12488__45465	C	T	12488
12568	1	12568	16873	filter.monomorphic	1__12568__16873	T	G	12568
12590	1	12590	5138	filter.monomorphic	1__12590__5138	A	G	12590
12631	1	12631	47999	filter.monomorphic	1__12631__47999	A	C	12631
12668	1	12668	4117	filter.monomorphic	1__12668__4117	A	G	12668
12761	1	12761	68332	filter.monomorphic	1__12761__68332	T	A	12761
12762	1	12762	2815	filter.monomorphic	1__12762__2815	C	T	12762
12836	1	12836	10460	filter.monomorphic	1__12836__10460	G	A	12836
12837	1	12837	10464	filter.monomorphic	1__12837__10464	A	C	12837
13082	1	13082	45968	filter.monomorphic	1__13082__45968	C	A	13082
13303	1	13303	18413	filter.monomorphic	1__13303__18413	C	A	13303
13347	1	13347	8336	filter.monomorphic	1__13347__8336	G	T	13347
13432	1	13432	11172	filter.monomorphic	1__13432__11172	A	G	13432
13731	1	13731	39542	filter.monomorphic	1__13731__39542	G	T	13731
13807	1	13807	9515	filter.monomorphic	1__13807__9515	G	A	13807
13936	1	13936	3722	filter.monomorphic	1__13936__3722	A	G	13936
14229	1	14229	1899	filter.monomorphic	1__14229__1899	C	T	14229
14404	1	14404	26028	filter.monomorphic	1__14404__26028	G	T	14404
14547	1	14547	1477	filter.monomorphic	1__14547__1477	C	T	14547
14548	1	14548	1480	filter.monomorphic	1__14548__1480	T	C	14548
14549	1	14549	1668	filter.monomorphic	1__14549__1668	G	A	14549
14550	1	14550	1670	filter.monomorphic	1__14550__1670	C	T	14550
14551	1	14551	1673	filter.monomorphic	1__14551__1673	G	A	14551
14574	1	14574	40249	filter.monomorphic	1__14574__40249	C	T	14574
14588	1	14588	29221	filter.monomorphic	1__14588__29221	G	A	14588
14636	1	14636	28967	filter.monomorphic	1__14636__28967	T	C	14636
14643	1	14643	1338	filter.monomorphic	1__14643__1338	A	G	14643
14647	1	14647	13017	filter.monomorphic	1__14647__13017	T	C	14647
14672	1	14672	42432	filter.monomorphic	1__14672__42432	G	A	14672
14801	1	14801	2944	filter.monomorphic	1__14801__2944	A	G	14801
14816	1	14816	2922	filter.monomorphic	1__14816__2922	T	C	14816
14821	1	14821	280	filter.monomorphic	1__14821__280	C	A	14821
14822	1	14822	301	filter.monomorphic	1__14822__301	A	T	14822
14823	1	14823	307	filter.monomorphic	1__14823__307	A	G	14823
14828	1	14828	3217	filter.monomorphic	1__14828__3217	A	C	14828
14830	1	14830	3219	filter.monomorphic	1__14830__3219	A	G	14830
14994	1	14994	21385	filter.monomorphic	1__14994__21385	T	G	14994
15247	1	15247	3658	filter.monomorphic	1__15247__3658	G	A	15247
15268	1	15268	21899	filter.monomorphic	1__15268__21899	T	C	15268
15440	1	15440	3429	filter.monomorphic	1__15440__3429	T	C	15440
15462	1	15462	4450	filter.monomorphic	1__15462__4450	C	A	15462
15463	1	15463	4458	filter.monomorphic	1__15463__4458	C	T	15463
15464	1	15464	4487	filter.monomorphic	1__15464__4487	T	C	15464
15465	1	15465	4488	filter.monomorphic	1__15465__4488	T	C	15465
15640	1	15640	1293	filter.monomorphic	1__15640__1293	A	G	15640
15949	1	15949	5749	filter.monomorphic	1__15949__5749	G	A	15949
16014	1	16014	28739	filter.monomorphic	1__16014__28739	A	T	16014
16020	1	16020	4264	filter.monomorphic	1__16020__4264	A	T	16020
16026	1	16026	21853	filter.monomorphic	1__16026__21853	C	T	16026
16115	1	16115	15002	filter.monomorphic	1__16115__15002	C	G	16115
16207	1	16207	3531	filter.monomorphic	1__16207__3531	T	A	16207
16320	1	16320	314	filter.monomorphic	1__16320__314	A	C	16320
16398	1	16398	1685	filter.monomorphic	1__16398__1685	T	C	16398
16399	1	16399	1823	filter.monomorphic	1__16399__1823	A	G	16399
16460	1	16460	1799	filter.monomorphic	1__16460__1799	A	T	16460
16524	1	16524	33635	filter.monomorphic	1__16524__33635	A	C	16524
16652	1	16652	1657	filter.monomorphic	1__16652__1657	T	A	16652
16902	1	16902	5906	filter.monomorphic	1__16902__5906	C	T	16902
16915	1	16915	326	filter.monomorphic	1__16915__326	C	G	16915
16916	1	16916	360	filter.monomorphic	1__16916__360	T	A	16916
16957	1	16957	3178	filter.monomorphic	1__16957__3178	C	T	16957
16962	1	16962	5835	filter.monomorphic	1__16962__5835	A	C	16962
17016	1	17016	4525	filter.monomorphic	1__17016__4525	G	A	17016
17030	1	17030	6192	filter.monomorphic	1__17030__6192	G	A	17030
17056	1	17056	5086	filter.monomorphic	1__17056__5086	T	C	17056
17057	1	17057	5090	filter.monomorphic	1__17057__5090	G	C	17057
17220	1	17220	842	filter.monomorphic	1__17220__842	G	A	17220
17221	1	17221	845	filter.monomorphic	1__17221__845	C	T	17221
17302	1	17302	9142	filter.monomorphic	1__17302__9142	A	G	17302
17350	1	17350	2295	filter.monomorphic	1__17350__2295	C	A	17350
17420	1	17420	7719	filter.monomorphic	1__17420__7719	A	T	17420
17475	1	17475	6866	filter.monomorphic	1__17475__6866	A	G	17475
17477	1	17477	6887	filter.monomorphic	1__17477__6887	G	A	17477
17492	1	17492	12997	filter.monomorphic	1__17492__12997	C	G	17492
17522	1	17522	19421	filter.monomorphic	1__17522__19421	T	G	17522
17742	1	17742	3806	filter.monomorphic	1__17742__3806	G	A	17742
17852	1	17852	2576	filter.monomorphic	1__17852__2576	A	T	17852
17929	1	17929	7658	filter.monomorphic	1__17929__7658	G	C	17929
17930	1	17930	7703	filter.monomorphic	1__17930__7703	G	C	17930
17933	1	17933	2571	filter.monomorphic	1__17933__2571	A	T	17933
17955	1	17955	4308	filter.monomorphic	1__17955__4308	G	A	17955
17968	1	17968	9126	filter.monomorphic	1__17968__9126	C	A	17968
18038	1	18038	8764	filter.monomorphic	1__18038__8764	A	C	18038
18042	1	18042	8496	filter.monomorphic	1__18042__8496	T	C	18042
18088	1	18088	12836	filter.monomorphic	1__18088__12836	A	G	18088
18134	1	18134	998	filter.monomorphic	1__18134__998	T	C	18134
18392	1	18392	3719	filter.monomorphic	1__18392__3719	T	C	18392
18460	1	18460	35055	filter.monomorphic	1__18460__35055	G	C	18460
18461	1	18461	35060	filter.monomorphic	1__18461__35060	T	A	18461
18462	1	18462	35086	filter.monomorphic	1__18462__35086	G	C	18462
18531	1	18531	13265	filter.monomorphic	1__18531__13265	C	T	18531
18576	1	18576	4368	filter.monomorphic	1__18576__4368	A	T	18576
18615	1	18615	7007	filter.monomorphic	1__18615__7007	A	G	18615
18771	1	18771	3163	filter.monomorphic	1__18771__3163	T	A	18771
18801	1	18801	3755	filter.monomorphic	1__18801__3755	A	G	18801
18802	1	18802	3756	filter.monomorphic	1__18802__3756	A	T	18802
18803	1	18803	3760	filter.monomorphic	1__18803__3760	T	A	18803
18911	1	18911	5428	filter.monomorphic	1__18911__5428	C	T	18911
19084	1	19084	671	filter.monomorphic	1__19084__671	T	C	19084
19123	1	19123	10399	filter.monomorphic	1__19123__10399	A	G	19123
19124	1	19124	10414	filter.monomorphic	1__19124__10414	G	A	19124
19125	1	19125	10417	filter.monomorphic	1__19125__10417	T	G	19125
19142	1	19142	138	filter.monomorphic	1__19142__138	T	A	19142
19208	1	19208	11063	filter.monomorphic	1__19208__11063	A	C	19208
19503	1	19503	4654	filter.monomorphic	1__19503__4654	A	T	19503
19622	1	19622	8783	filter.monomorphic	1__19622__8783	T	C	19622
19721	1	19721	2541	filter.monomorphic	1__19721__2541	A	T	19721
19934	1	19934	20795	filter.monomorphic	1__19934__20795	T	C	19934
20078	1	20078	1163	filter.monomorphic	1__20078__1163	C	G	20078
20079	1	20079	1178	filter.monomorphic	1__20079__1178	C	T	20079
20080	1	20080	1180	filter.monomorphic	1__20080__1180	A	T	20080
20248	1	20248	17820	filter.monomorphic	1__20248__17820	C	T	20248
20292	1	20292	14212	filter.monomorphic	1__20292__14212	C	T	20292
20310	1	20310	7420	filter.monomorphic	1__20310__7420	A	G	20310
20358	1	20358	30668	filter.monomorphic	1__20358__30668	T	G	20358
20422	1	20422	16497	filter.monomorphic	1__20422__16497	C	T	20422
20430	1	20430	17446	filter.monomorphic	1__20430__17446	C	G	20430
20575	1	20575	4705	filter.monomorphic	1__20575__4705	T	C	20575
20747	1	20747	2681	filter.monomorphic	1__20747__2681	A	T	20747
20748	1	20748	2688	filter.monomorphic	1__20748__2688	A	G	20748
20775	1	20775	1984	filter.monomorphic	1__20775__1984	A	C	20775
21127	1	21127	5576	filter.monomorphic	1__21127__5576	C	T	21127
21128	1	21128	5579	filter.monomorphic	1__21128__5579	A	T	21128
21265	1	21265	11019	filter.monomorphic	1__21265__11019	T	C	21265
21269	1	21269	12008	filter.monomorphic	1__21269__12008	T	G	21269
21450	1	21450	8788	filter.monomorphic	1__21450__8788	A	G	21450
21498	1	21498	1492	filter.monomorphic	1__21498__1492	A	G	21498
21565	1	21565	40090	filter.monomorphic	1__21565__40090	A	G	21565
21566	1	21566	40099	filter.monomorphic	1__21566__40099	A	G	21566
21677	1	21677	22633	filter.monomorphic	1__21677__22633	T	C	21677
21702	1	21702	18881	filter.monomorphic	1__21702__18881	C	A	21702
21739	1	21739	2900	filter.monomorphic	1__21739__2900	T	C,A	21739
21751	1	21751	3486	filter.monomorphic	1__21751__3486	C	T	21751
21780	1	21780	44103	filter.monomorphic	1__21780__44103	A	G	21780
21792	1	21792	2176	filter.monomorphic	1__21792__2176	T	A	21792
22006	1	22006	9594	filter.monomorphic	1__22006__9594	G	A	22006
22007	1	22007	9711	filter.monomorphic	1__22007__9711	A	G	22007
22050	1	22050	8253	filter.monomorphic	1__22050__8253	T	G	22050
22111	1	22111	403	filter.monomorphic	1__22111__403	C	T	22111
22154	1	22154	12492	filter.monomorphic	1__22154__12492	T	C	22154
22215	1	22215	517	filter.monomorphic	1__22215__517	C	T	22215
22301	1	22301	15283	filter.monomorphic	1__22301__15283	T	C	22301
22370	1	22370	11452	filter.monomorphic	1__22370__11452	T	A	22370
22371	1	22371	11454	filter.monomorphic	1__22371__11454	T	A	22371
22477	1	22477	6235	filter.monomorphic	1__22477__6235	G	A	22477
22480	1	22480	8071	filter.monomorphic	1__22480__8071	A	G	22480
22518	1	22518	7298	filter.monomorphic	1__22518__7298	C	T	22518
22546	1	22546	2550	filter.monomorphic	1__22546__2550	T	A	22546
22662	1	22662	4569	filter.monomorphic	1__22662__4569	A	T	22662
22691	1	22691	337	filter.monomorphic	1__22691__337	A	G	22691
22915	1	22915	11147	filter.monomorphic	1__22915__11147	C	G	22915
22984	1	22984	9033	filter.monomorphic	1__22984__9033	T	C	22984
23207	1	23207	1348	filter.monomorphic	1__23207__1348	T	G	23207
23270	1	23270	9626	filter.monomorphic	1__23270__9626	G	C	23270
23271	1	23271	9968	filter.monomorphic	1__23271__9968	A	G	23271
23272	1	23272	9980	filter.monomorphic	1__23272__9980	A	G	23272
23485	1	23485	4360	filter.monomorphic	1__23485__4360	G	T	23485
23486	1	23486	4361	filter.monomorphic	1__23486__4361	A	G	23486
23487	1	23487	4370	filter.monomorphic	1__23487__4370	A	G	23487
23696	1	23696	292	filter.monomorphic	1__23696__292	A	T	23696
23718	1	23718	2934	filter.monomorphic	1__23718__2934	G	A	23718
23719	1	23719	2939	filter.monomorphic	1__23719__2939	C	G	23719
23763	1	23763	1206	filter.monomorphic	1__23763__1206	G	C	23763
23895	1	23895	28856	filter.monomorphic	1__23895__28856	G	T	23895
23949	1	23949	4935	filter.monomorphic	1__23949__4935	G	C	23949
23950	1	23950	4937	filter.monomorphic	1__23950__4937	T	G	23950
23960	1	23960	3860	filter.monomorphic	1__23960__3860	A	C	23960
24014	1	24014	3192	filter.monomorphic	1__24014__3192	G	T	24014
24048	1	24048	5614	filter.monomorphic	1__24048__5614	A	T	24048
24071	1	24071	18659	filter.monomorphic	1__24071__18659	A	G	24071
24232	1	24232	934	filter.monomorphic	1__24232__934	C	T	24232
24233	1	24233	935	filter.monomorphic	1__24233__935	T	A	24233
24235	1	24235	1387	filter.monomorphic	1__24235__1387	C	G	24235
24241	1	24241	1422	filter.monomorphic	1__24241__1422	C	T,A	24241
24394	1	24394	2489	filter.monomorphic	1__24394__2489	T	A	24394
24469	1	24469	1938	filter.monomorphic	1__24469__1938	G	C	24469
24480	1	24480	11672	filter.monomorphic	1__24480__11672	A	T	24480
24522	1	24522	13820	filter.monomorphic	1__24522__13820	T	C	24522
24611	1	24611	17479	filter.monomorphic	1__24611__17479	A	T	24611
24612	1	24612	17480	filter.monomorphic	1__24612__17480	T	C	24612
24621	1	24621	1258	filter.monomorphic	1__24621__1258	A	C	24621
24651	1	24651	2482	filter.monomorphic	1__24651__2482	G	T	24651
24725	1	24725	8041	filter.monomorphic	1__24725__8041	T	A	24725
24726	1	24726	8065	filter.monomorphic	1__24726__8065	C	T	24726
24817	1	24817	1121	filter.monomorphic	1__24817__1121	A	C	24817
24881	1	24881	8140	filter.monomorphic	1__24881__8140	A	C	24881
24883	1	24883	8158	filter.monomorphic	1__24883__8158	T	C	24883
24884	1	24884	8173	filter.monomorphic	1__24884__8173	A	G	24884
24894	1	24894	4650	filter.monomorphic	1__24894__4650	A	G	24894
25158	1	25158	1489	filter.monomorphic	1__25158__1489	A	G	25158
25174	1	25174	2088	filter.monomorphic	1__25174__2088	G	A	25174
25194	1	25194	35680	filter.monomorphic	1__25194__35680	A	G	25194
25247	1	25247	25321	filter.monomorphic	1__25247__25321	A	G	25247
25248	1	25248	25331	filter.monomorphic	1__25248__25331	G	A	25248
25333	1	25333	2182	filter.monomorphic	1__25333__2182	T	C	25333
25361	1	25361	13241	filter.monomorphic	1__25361__13241	T	A	25361
25456	1	25456	3203	filter.monomorphic	1__25456__3203	T	G	25456
25619	1	25619	4639	filter.monomorphic	1__25619__4639	C	T	25619
25656	1	25656	851	filter.monomorphic	1__25656__851	G	*,A	25656
25712	1	25712	1015	filter.monomorphic	1__25712__1015	G	A	25712
25989	1	25989	8783	filter.monomorphic	1__25989__8783	A	G	25989
25990	1	25990	8785	filter.monomorphic	1__25990__8785	T	A	25990
26114	1	26114	12613	filter.monomorphic	1__26114__12613	C	T	26114
26163	1	26163	7573	filter.monomorphic	1__26163__7573	G	C	26163
26248	1	26248	6791	filter.monomorphic	1__26248__6791	T	A	26248
26249	1	26249	6801	filter.monomorphic	1__26249__6801	T	G	26249
26410	1	26410	7108	filter.monomorphic	1__26410__7108	T	C	26410
26430	1	26430	1411	filter.monomorphic	1__26430__1411	A	T	26430
26433	1	26433	1565	filter.monomorphic	1__26433__1565	G	T	26433
26434	1	26434	1568	filter.monomorphic	1__26434__1568	T	A	26434
26435	1	26435	1570	filter.monomorphic	1__26435__1570	C	A	26435
26437	1	26437	1578	filter.monomorphic	1__26437__1578	C	G	26437
26438	1	26438	1582	filter.monomorphic	1__26438__1582	A	T	26438
26656	1	26656	1628	filter.monomorphic	1__26656__1628	C	A	26656
26657	1	26657	1629	filter.monomorphic	1__26657__1629	A	T	26657
26660	1	26660	1667	filter.monomorphic	1__26660__1667	T	A	26660
26661	1	26661	1668	filter.monomorphic	1__26661__1668	A	T	26661
26695	1	26695	4043	filter.monomorphic	1__26695__4043	T	C	26695
26706	1	26706	2469	filter.monomorphic	1__26706__2469	G	T	26706
26707	1	26707	2472	filter.monomorphic	1__26707__2472	G	A	26707
26727	1	26727	2525	filter.monomorphic	1__26727__2525	G	C	26727
26778	1	26778	1287	filter.monomorphic	1__26778__1287	A	T	26778
26969	1	26969	6757	filter.monomorphic	1__26969__6757	A	T	26969
26970	1	26970	6758	filter.monomorphic	1__26970__6758	T	A	26970
26971	1	26971	6774	filter.monomorphic	1__26971__6774	C	A	26971
27093	1	27093	720	filter.monomorphic	1__27093__720	T	C	27093
27094	1	27094	721	filter.monomorphic	1__27094__721	G	A	27094
27098	1	27098	4029	filter.monomorphic	1__27098__4029	A	G	27098
27111	1	27111	6901	filter.monomorphic	1__27111__6901	G	A	27111
27113	1	27113	6921	filter.monomorphic	1__27113__6921	A	T	27113
27114	1	27114	6946	filter.monomorphic	1__27114__6946	G	T	27114
27332	1	27332	16966	filter.monomorphic	1__27332__16966	T	C	27332
27356	1	27356	5202	filter.monomorphic	1__27356__5202	A	C	27356
27364	1	27364	3290	filter.monomorphic	1__27364__3290	G	T	27364
27397	1	27397	1027	filter.monomorphic	1__27397__1027	A	T	27397
27515	1	27515	44726	filter.monomorphic	1__27515__44726	G	A	27515
27533	1	27533	33168	filter.monomorphic	1__27533__33168	A	C	27533
27555	1	27555	520	filter.monomorphic	1__27555__520	A	G	27555
27682	1	27682	10258	filter.monomorphic	1__27682__10258	T	A	27682
27683	1	27683	10259	filter.monomorphic	1__27683__10259	G	T	27683
27765	1	27765	3360	filter.monomorphic	1__27765__3360	G	A	27765
27773	1	27773	6544	filter.monomorphic	1__27773__6544	C	A	27773
27774	1	27774	6545	filter.monomorphic	1__27774__6545	A	C	27774
27775	1	27775	6558	filter.monomorphic	1__27775__6558	T	C	27775
27776	1	27776	6574	filter.monomorphic	1__27776__6574	A	C	27776
27790	1	27790	6403	filter.monomorphic	1__27790__6403	A	G	27790
